reader_id,name,email,phone,address,membership_date,active
1,Allison Hill,redwards@gmail.com,832-067-9981x36462,"91284 David Fort Apt. 985, East Loriport, KS 51674",2024-01-25,True
2,Noah Rhodes,fitzgeraldvictor@mcintyre-wilson.com,(517)908-6416,"41893 Ross Centers, New Thomasview, AK 04731",2025-06-16,True
3,Angie Henderson,wendymitchell@yahoo.com,622.783.7693x89833,"50238 Glass Shore Apt. 371, West Tinachester, WA 80773",2025-05-26,False
4,Daniel Wagner,taylorcharles@roach.com,465-911-6655,"USCGC Potts, FPO AA 95309",2023-03-11,True
5,Cristian Santos,jenna88@yahoo.com,559.042.5979,"8356 Turner Vista, North Sarah, WI 26213",2023-09-25,True
6,Connie Lawrence,jenniferho@hotmail.com,(703)352-1103,"087 Paul Lane Apt. 668, North Samuel, RI 48697",2025-07-28,True
7,Abigail Shaffer,william13@young.com,+1-240-514-7705x383,"0331 Jeremy Summit Apt. 030, North Davidburgh, AZ 41674",2024-03-23,True
8,Gina Moore,tanner82@hotmail.com,884.879.2069,"2967 Diane Club, Shawnaborough, VT 96867",2025-05-29,True
9,Gabrielle Davis,parkeryvonne@mendoza.org,+1-804-204-3940x70164,"4584 Alison Grove, Heidihaven, AR 45935",2025-05-31,False
10,Ryan Munoz,teresaday@owens-holmes.com,+1-510-463-6815x79812,"PSC 9741, Box 3283, APO AA 97744",2023-07-14,True
11,Monica Herrera,ryanbartlett@guerra.com,878.003.8457,"2037 Benton Brooks, Huffview, OR 50855",2025-02-10,True
12,Jamie Arnold,fernandodonovan@gmail.com,(205)554-3840x4608,"49670 Cruz Cape, East Nicolas, NE 70295",2024-04-26,True
13,Lisa Hensley,meghan43@hotmail.com,325-621-6893x639,"85095 Patrick Ramp Apt. 059, Glennton, CT 73022",2024-04-06,True
14,Michele Williams,colleenmendez@gmail.com,(649)578-2329,"769 Martin Light Suite 320, Laurenview, IA 71647",2023-10-30,True
15,Dylan Miller,georgeweber@morgan.com,+1-324-826-2925,"94544 David Port Suite 427, Smithtown, AZ 47519",2024-05-19,True
16,Brian Ramirez,frykelli@curtis-wang.biz,881-252-0566,"0914 Ashley Mill, West Katie, KS 65372",2025-09-16,True
17,Holly Wood,ismall@may-turner.com,742-312-2099x4999,"90310 Gabrielle Wall, Rileyton, VT 30379",2025-03-15,False
18,Derek Zuniga,shawn02@yahoo.com,933.051.7289,"0580 Michael Club Suite 181, East Mark, TX 55022",2024-03-28,True
19,Lisa Jackson,vmarshall@hotmail.com,526.772.2330x6046,"2059 Rogers Lodge Suite 749, East Michealport, OR 03847",2023-06-01,False
20,Carla Gray,michelle55@anderson-wood.net,331.279.7573,"8895 Nicholas Prairie, Lake Jessicafurt, SD 10782",2022-12-26,False
21,Margaret Hawkins DDS,john14@wright-davis.com,(609)656-9998x80817,"USNS Cunningham, FPO AP 83118",2024-04-30,True
22,Patty Perez,kwright@yahoo.com,038.860.8680x347,"180 Hopkins Pike Suite 543, Rhondamouth, WI 47944",2024-06-10,True
23,Ethan Adams,kathrynjimenez@hotmail.com,(447)264-9082x7718,"137 Cox Knoll Apt. 579, South Kristie, OK 16921",2023-02-03,False
24,Tommy Walter,fkoch@gmail.com,298-266-5702,"PSC 3692, Box 9445, APO AA 15962",2022-12-07,False
25,Matthew Foster,pwagner@aguilar.com,937.145.2111x751,"297 Rachel Wells Suite 021, Bakerside, NJ 97868",2023-01-17,False
26,Judy Baker,pharper@hotmail.com,689.268.6025x92222,"0212 Strong Knoll, South Heidi, VT 38956",2024-07-11,True
27,Justin Baker,amanda16@gmail.com,001-064-474-2123x09407,"991 Charles Knoll Suite 676, Katherineberg, HI 95358",2024-11-11,True
28,Stephanie Ross,kathryn50@yahoo.com,780.973.3977x6719,"09957 Flores Fall, Shirleyville, ME 65157",2025-03-19,False
29,Zachary Hicks,michaelroberts@gordon-duran.com,+1-038-498-3022x050,"5652 Bobby Street Apt. 684, Coryport, DE 38229",2025-04-01,True
30,Anthony Rodriguez,theresalong@grant-diaz.com,(099)451-0162,"24491 Elizabeth Divide Apt. 388, North Carmen, ND 71006",2022-11-06,True
31,Rebecca Henderson,cporter@taylor.info,(499)982-7950,"0534 Dennis Pike, Port Shawn, DE 94381",2025-07-13,False
32,James Ferrell,catherinerobertson@yahoo.com,455-616-8147,"6741 Victoria Street, West Lindabury, CA 43376",2022-11-15,True
33,Tricia Valencia,phillipjensen@yahoo.com,(145)868-3390,"7815 Ryan Squares Suite 380, East Derrickfurt, IN 88758",2024-06-25,False
34,Nathan Maldonado,terickson@yahoo.com,981-794-6954,"72742 Cynthia Corners Apt. 061, Grantborough, HI 05588",2025-03-22,False
35,Debra Davidson,mark16@parker.com,995.299.7877x29343,"693 Washington Shoals Apt. 434, Henryfurt, MI 71727",2024-08-12,False
36,Jeffrey Chavez,tammy99@gmail.com,1071396605,"14675 Elaine Crescent, South Stephanie, DE 46058",2025-02-13,True
37,Sherri Baker,ojackson@harvey.com,(830)344-1448x850,"7963 Kelly Parkways, Port Kirsten, OH 42862",2023-01-16,False
38,Cassandra Gaines,leescott@hernandez-vaughn.biz,556-990-2355,"6766 Gaines Grove Suite 350, Sethbury, GA 70757",2023-02-08,True
39,Elizabeth Fowler,thorntonapril@hotmail.com,+1-770-272-7857x60849,"952 Stephanie Brooks, Davismouth, MI 72969",2025-02-12,False
40,Brittany Farmer,ufox@gmail.com,001-588-039-5512x4056,"358 Tracie Villages, Heathbury, GA 49506",2024-06-08,True
41,Paula Moreno,amy49@yahoo.com,+1-829-962-9145x0461,"300 Kari Pine, New Raymondfort, GA 37606",2024-08-29,False
42,Fred Smith,joshuaevans@wise-bush.info,357.438.4215x0317,"304 Lisa Lane, Andersonview, CO 10531",2024-10-27,False
43,Sherry Decker,ybailey@hotmail.com,078.235.7845x21823,"08921 Lee Rest Suite 568, West Joshuaborough, KS 86490",2023-11-29,True
44,Anthony Humphrey,david86@yahoo.com,001-076-810-4091x5701,"6136 Webb Squares Apt. 607, Beanside, CT 59780",2022-12-24,True
45,Angelica Tucker,kellyroberts@hotmail.com,409.435.3344x85714,"3757 Dawn Isle, Port Crystal, CT 74017",2025-10-01,True
46,Philip Cannon,sandra47@harris.com,(241)098-8138,"312 Jensen Mountains Apt. 074, Collinsmouth, FL 05286",2023-10-27,True
47,John Pierce,danielyang@gmail.com,(854)249-3214x958,"43878 Edwards Run Apt. 577, North Ronaldland, DC 99707",2024-10-30,False
48,Shane Henderson,santiagoamanda@hall.info,020.701.6016x629,"37106 Jackson Unions, Taylorside, MO 01714",2024-12-03,True
49,Joshua Blair,adampierce@russell.info,001-795-453-8179,"4859 Elliott Expressway Apt. 483, Aprilview, NH 28107",2023-12-05,True
50,Eric Carney,manuel01@andrews.com,(171)747-7332,"USNS Martin, FPO AP 62612",2025-09-29,True
51,Jessica Holmes,lkhan@osborn.info,+1-456-255-7701x715,"27104 James Court Suite 510, Wheelerland, SC 73790",2025-09-07,False
52,Danny Morgan,nancy04@morrison.info,724.599.2816x1581,"034 Hoover Ways Suite 945, Villaside, SD 86925",2023-04-29,False
53,Crystal Robinson,melissamcdonald@gmail.com,876-963-9382x7615,"34249 David Pike, Riverashire, KY 97135",2023-09-20,False
54,Mark Perez,francisco74@lopez.org,966.958.3219,"20331 Douglas Mountains Apt. 510, New Lindsay, TN 62326",2025-08-10,False
55,Shannon Jones,cherylfowler@wilcox-robertson.com,199.758.1724x6191,"86667 Collins Pike, Alyssaborough, SC 36904",2023-08-14,True
56,Michael Lewis,lopezdonald@yahoo.com,+1-965-701-3290x22784,"774 Angela Mews Suite 205, Townsendstad, NE 28521",2025-03-20,False
57,Timothy Duncan,greenjoe@finley-turner.org,(997)335-4946x5190,"5203 Ward Fields, New Lanceville, MN 33761",2024-01-08,False
58,Richard Aguirre,desiree30@wilson.net,+1-862-405-8008x514,"404 Sanders Square, Joshuaton, AK 94614",2024-02-05,True
59,Brent Jordan,fowlershelia@yahoo.com,3696566668,"PSC 9772, Box 7810, APO AA 04280",2025-04-06,False
60,John Daniel,susanmendoza@adkins-obrien.biz,272.386.5624,"221 Flowers Crest, South Danaton, CT 71815",2025-10-06,True
61,Victoria Garcia,kathleenbecker@hotmail.com,+1-220-102-7621x26796,"905 Hurst Extension, Zacharyfurt, TN 88272",2024-05-21,True
62,Gerald Hensley,xrice@stark.com,+1-278-687-6532x690,"241 Scott Harbor, Lake William, SC 98389",2023-10-01,True
63,Connor West,franklinbond@wilson-harris.org,001-738-468-9500,"4851 Owens Villages, New Sarahland, CO 24421",2022-11-17,True
64,Donald Wright,nolansean@gmail.com,001-751-971-2847,"9020 Dana Mount, Lake Sherryport, TX 84690",2022-10-21,False
65,Jessica Callahan,williambryant@gmail.com,189.137.1894x90580,"USNS Burgess, FPO AP 17898",2024-06-17,False
66,Amber Kidd,jennifer64@gmail.com,787.956.5442x0949,"424 Annette Loop Apt. 343, West Jordan, KS 12613",2024-11-17,False
67,Tracy House,williamsmelvin@weaver.com,079-290-4904x712,"8720 Moore Port Apt. 654, West Holly, OH 97904",2024-09-28,True
68,Carol Tucker,mitchellhector@gmail.com,144.294.4401x92927,"343 Green Crescent, South Donald, MD 49296",2024-05-24,False
69,James Brown,victoria67@yahoo.com,(243)728-0512x927,"1502 Alvarez Junction, East Robinport, NH 72168",2023-06-18,True
70,William Baker,vegadorothy@hotmail.com,001-663-723-9504x10276,"9799 Simon Mountains, West Jennifer, MA 63750",2024-03-19,True
71,Jordan Henderson,david86@anderson.com,478.366.7428x6047,"38166 Finley Locks Apt. 282, Oliviahaven, OK 99047",2024-03-09,True
72,Whitney Peters,inunez@yahoo.com,(580)185-6945x4414,"14257 Martin Alley Apt. 324, Christopherbury, IL 57720",2022-10-29,False
73,Brittney Phillips,johnreed@yahoo.com,+1-967-393-8525x8001,"85072 Garcia Plaza, Halefort, MS 61250",2023-09-20,False
74,Lauren Daniels,johnsondonna@miranda.com,6181753443,"2526 Villanueva Viaduct, Carlsonside, MI 64504",2023-06-23,False
75,Amy Silva,wheelersean@warner.biz,0910939111,"92355 Mason Alley, Melendezbury, NM 25138",2025-06-26,True
76,Sarah Moore,amberwebster@gmail.com,+1-269-212-4471x746,"1562 Hernandez Inlet Suite 704, Whitefurt, NC 14451",2024-04-09,True
77,Angela Lopez,jim95@harper.com,001-542-140-6650x442,"1602 Anderson Parkways, Parkstown, SD 88344",2022-11-03,False
78,Megan Young,roberthill@fry.biz,173.962.7128x639,"6419 Shaw Tunnel, Josephside, DE 23941",2023-02-07,True
79,Steve Sanchez,comptonshelly@hotmail.com,+1-174-101-1947x0720,"Unit 8612 Box 0594, DPO AE 67989",2024-11-21,False
80,Lisa Barnes,heather62@yahoo.com,6425690877,"0740 Miranda Mount Suite 095, Ronaldport, AK 71640",2023-09-12,False
81,Kelly Donovan,karenwells@gmail.com,(618)306-7198x55460,"6075 Fields Ranch Apt. 508, Wrightland, CT 17023",2024-05-28,False
82,Mike Allen,lindamelendez@hotmail.com,+1-158-517-4328x0634,"4579 Samantha Village Suite 015, Benjaminville, NY 95580",2024-02-15,True
83,Michael Evans,igrant@yahoo.com,001-615-717-3203x093,"6024 Mary Meadows Apt. 394, Christinaside, WY 32450",2023-11-17,False
84,Paul Jones,james17@davis-hardy.com,618.478.7005x0506,"9736 Burgess Tunnel, West Walter, PA 52755",2023-05-06,True
85,Zachary Ferrell,nicholas99@russo.org,387-829-3102,"PSC 4406, Box 3062, APO AA 35504",2024-06-15,True
86,Daniel Baker,vclark@krueger-smith.com,079.032.0204x1792,"33053 Cheryl Stream Suite 969, Amberfort, AL 45452",2023-07-29,False
87,Shirley Suarez,srocha@padilla.com,001-111-799-3136,"2773 Emily Glens Suite 091, Hoffmanstad, IL 98544",2024-01-04,False
88,Christopher Bass,powens@yahoo.com,651-982-5309x25114,"Unit 5445 Box 7702, DPO AP 77169",2023-03-30,False
89,Lisa Archer,michael77@gmail.com,(625)827-3902,"660 Hawkins Overpass Apt. 682, Lawsonville, MO 29114",2024-09-29,False
90,Aimee Montoya,robin55@yahoo.com,962-071-0021,"422 Pierce Knoll, South Rachel, MD 48103",2025-01-28,True
91,Matthew Mcmillan,joycesmith@donovan.com,001-946-723-2487x632,"886 Michele Park Suite 472, South Keith, MA 61321",2023-11-16,True
92,Brian Rodriguez,jerry93@pierce-harding.com,+1-092-791-4560x833,"9666 Dana River, East Chelsea, CO 79087",2023-07-29,False
93,Denise Jacobs,plevy@hotmail.com,819-588-3734,"59329 Cohen Land Apt. 968, Port Robin, MN 95273",2025-04-08,True
94,Christina Walters,yjackson@yahoo.com,3127722005,"3524 Patricia Ford, Stevensmouth, WY 23684",2023-01-19,True
95,John Whitehead,jenniferfreeman@mooney.com,364-597-0108x2207,"Unit 8195 Box 2371, DPO AE 98622",2025-06-18,True
96,Anna Henderson,gutierrezmegan@jones.com,113.799.5635x31531,"761 Rosario Stravenue Apt. 980, Castilloton, MO 95547",2023-08-03,True
97,Aaron Wise,nbrooks@estrada.info,636.317.9706,"8761 Dustin Greens Apt. 256, Donaldbury, NJ 28037",2025-08-09,True
98,Deborah Figueroa,patelrobert@moreno.net,(397)265-2735,"177 Katherine Junctions Suite 757, Ashleyton, DC 19902",2025-03-24,False
99,Jessica Smith,shawheidi@yahoo.com,352-090-4217x762,"59544 Ashley Inlet, Marquezport, WA 91606",2025-10-12,True
100,Stephen Mckee,hullalice@lee.com,001-534-929-2983x16873,"4303 Hernandez Bridge Suite 588, Woodsburgh, SD 20932",2023-06-06,False
101,Sandra Aguilar,laura15@yahoo.com,001-774-063-3569,"567 Monica Orchard Apt. 760, West Jeffreyborough, FL 36980",2023-09-21,False
102,Cameron Parker,veronicaperez@hotmail.com,929.060.0780,"357 Hudson Route, Port Juliehaven, IN 97674",2023-09-25,False
103,Rebecca Valencia,davisnicholas@alvarez.com,(867)177-3180x63254,"1581 Tran Place, Port Brianshire, IA 32573",2024-02-07,False
104,Christine Wright,vnewman@hotmail.com,107.427.9907,"337 Billy Rest, Andrealand, ID 96620",2024-03-14,True
105,Richard Henson,hallrachel@clay.com,262.570.1658x046,"84033 Brenda Prairie, Marshallside, WY 07196",2023-03-13,True
106,Marc Moore,whitemelissa@gmail.com,001-498-931-9508x50165,"71717 Cory Radial, New Tony, AL 76747",2023-02-02,False
107,Sharon Cherry,karenmarquez@hickman-evans.org,905.528.1832x538,"739 Gay Glen, Guzmanfort, HI 43576",2022-11-09,False
108,Sierra Johnson,irhodes@reyes-singh.com,793-355-4864,"448 Matthew Springs Suite 712, Smithhaven, NM 21882",2022-12-05,True
109,Evelyn Galvan,davisjesse@gmail.com,1557788178,"417 Little Plain Apt. 313, West Warren, WI 70021",2025-03-22,False
110,Sharon Cochran,unovak@gmail.com,+1-847-951-3711x62411,"392 Moore Trafficway Suite 229, West Sue, SD 78518",2022-12-17,False
111,Richard Rodriguez,whenry@hotmail.com,(412)723-8046,"47452 Cook Knoll Suite 746, Farmertown, MO 07750",2025-07-12,True
112,Shannon Walker,llopez@hotmail.com,+1-827-567-0431x03856,"Unit 5274 Box 0334, DPO AA 49453",2024-08-02,False
113,Julia Torres,bartonkenneth@gmail.com,001-557-988-7749,"5883 Christina Mill Suite 113, West Jennifer, OR 62088",2025-09-02,True
114,Crystal Johnson,adamsnorman@moore.com,(424)375-4025,"USS Harrington, FPO AA 90652",2022-12-28,False
115,Garrett Lin,sean41@miller.info,729-284-2222x3105,"USCGC Wright, FPO AP 77324",2024-04-22,True
116,Diana May,johnsonmichael@gmail.com,001-274-523-8055,"54857 Rodriguez Dale, West Tiffanychester, FL 20216",2023-10-31,True
117,William Herrera,asmith@yahoo.com,(578)284-1067,"173 Armstrong Track, Angelaport, AK 18912",2022-10-25,False
118,Ashley Waller,ashleyjackson@jackson-adams.com,001-275-208-8547x49297,"557 Jack Mountain, South Michael, TX 92783",2025-07-02,True
119,Victor Baker,bryanhamilton@yahoo.com,170-281-4069x37515,"16667 Marie Circle, Allenchester, NY 43370",2025-02-03,True
120,Jeffrey Chandler,xpatton@yahoo.com,9398343018,"9511 Terri Tunnel Apt. 828, New Sandraborough, CA 90148",2025-02-26,False
121,Larry Dixon,mwheeler@rodriguez-torres.biz,186.375.9980x562,"7251 Deborah Junction Suite 860, Andrewstown, MS 02974",2024-07-21,True
122,Kenneth Scott,vbrock@yahoo.com,001-656-504-5547x813,"2439 Patel Shoal Apt. 959, East Kendra, ME 24301",2024-12-17,True
123,April Frost,pochoa@hotmail.com,001-767-426-6299x1234,"85155 Dominique Flats, Frankview, IL 47076",2023-11-14,False
124,Michelle Harmon,malik37@thompson-sanders.com,851.961.0646x2879,"60736 Sean Locks Apt. 369, North Tanyahaven, OR 95465",2023-10-29,False
125,Helen Jones,yfaulkner@gmail.com,001-232-648-7049x47873,"17955 Lee Course, Timothyhaven, NH 02617",2022-11-07,True
126,Erin Edwards,yramirez@yahoo.com,0244714627,"1554 Ryan Vista Suite 316, Smithview, SD 42872",2023-06-09,True
127,Michelle Evans,frederickjames@hotmail.com,001-301-471-9597x964,"90282 Heather Track, North Caitlynborough, WA 87133",2023-04-16,False
128,Jason Powell,bentonsteven@clark.com,+1-715-890-4290x2572,"62282 Michael Creek Apt. 073, Richardstad, KS 82016",2023-03-03,False
129,Cameron Fisher,ttaylor@gmail.com,(204)565-0448x183,"0702 Williams Lane, East Craig, IN 12575",2024-06-04,True
130,Megan Orr,jennifermccormick@gmail.com,001-219-285-5445x18952,"77687 Melody Valleys, West Thomasview, MD 86533",2024-06-17,True
131,Elizabeth Kelley,iaguilar@hotmail.com,2845765213,"7932 Zachary Valley, East Donna, CT 94514",2024-09-05,True
132,Dustin Jordan,gibbsmichael@hotmail.com,(833)898-8816,"34245 Barnett Pike, Kathleenberg, NE 49622",2023-09-23,True
133,Mary Marshall,mackdiane@jackson-salazar.org,112.075.4527x985,"603 Alexis Roads, Port Lauraburgh, MD 02036",2023-05-16,True
134,Daniel Kennedy,tammy61@gmail.com,(401)322-3423,"3967 Shawn Greens Suite 148, Matthewburgh, MA 64379",2025-05-31,False
135,Rebecca Jackson,jeffrey88@watts.info,(161)107-6031,"158 Brown Lakes Suite 082, East Theresaville, OH 93915",2022-10-27,True
136,Jose Schultz,whitney71@perry-nixon.com,8907140140,"7681 Raymond Pass Apt. 230, Lake Julie, PA 20393",2023-12-28,True
137,Robert Potter,larry73@webb.info,001-119-393-2501x24955,"583 Nicholas Courts, Lake Cynthia, IN 98949",2025-09-04,True
138,Courtney Gonzalez,evanslisa@gmail.com,(893)891-1908,"40646 English Mountain Suite 240, West Jeanetteport, VA 80863",2024-03-19,False
139,David Alvarez,deborah23@thompson.info,342.801.3875,"62272 Peter Estate, Myersborough, MI 09745",2024-09-25,True
140,Angel Perry,lsoto@sandoval.com,001-927-125-6638x361,"61923 Thomas Harbor Suite 018, Alexandriafort, TN 57946",2024-03-18,False
141,Cheyenne Horton,tprice@gmail.com,001-517-182-7548x01571,"972 Nicole Throughway, Nancyton, KS 15290",2025-03-08,False
142,David Douglas Jr.,karen19@lloyd.com,(479)473-8646x3175,"274 Alexandra Corners Suite 376, Brownville, WI 37227",2025-02-27,True
143,Patricia Rodriguez,james14@hotmail.com,(071)678-1126,"8564 Miller Courts Suite 397, New Ryan, CT 93369",2025-02-06,True
144,Christopher Rubio,candice96@hotmail.com,(912)153-5396x1367,"860 Brittany Underpass Apt. 911, West Betty, PA 55791",2024-09-16,False
145,Amber Wright,michael79@cervantes.com,994-657-9678x427,"7798 Shelby Via, Caldwelltown, OK 24190",2024-03-02,False
146,Joyce Solis,lawrenceallen@white.com,147-732-0101,"46074 Cardenas Key Suite 347, West Stephenview, WY 21550",2025-03-13,False
147,Victoria Larson,kcarlson@yahoo.com,026.952.4991x1877,"652 Gates Isle Suite 983, Mariaville, VA 12354",2023-08-02,False
148,Stephanie Salazar,tommymedina@hotmail.com,477.848.5880,"726 Joseph Station Suite 557, Kariburgh, AK 15112",2023-03-02,False
149,Kathy Rivas,tracytaylor@wilkinson-harvey.com,001-061-675-6770x02842,"848 Raymond Square Apt. 311, Phelpsberg, MA 70339",2023-07-09,True
150,Stephanie Manning,ytaylor@wagner.biz,624.671.9788x9778,"1499 Mario Fork, Mckenziebury, FL 87994",2025-04-25,True
151,David Wright,kjackson@gmail.com,(806)479-6954,"Unit 0733 Box 3373, DPO AE 02128",2025-04-26,True
152,Pamela Boyd,antonio38@jackson-ellis.info,009-025-5905x61655,"776 Robert Vista, Burtonfurt, KS 93135",2024-08-04,True
153,Denise Jones,adamsamy@weaver-sherman.info,(503)334-9114x15208,"6553 Fernandez Club Apt. 538, North Tina, NY 93346",2024-02-13,False
154,Devon Flores,pgarcia@evans.info,076-986-4079x05696,"93583 Adams Villages Apt. 797, Garzaland, AK 73895",2023-07-04,True
155,Brenda Hall,michelle17@gmail.com,917-135-7852x94563,"7215 Stephanie Harbor, Staceytown, PA 64832",2024-06-21,True
156,Michelle Brown,lisamatthews@callahan-bishop.biz,183.440.4963x9191,"3748 Rivera Port, Thomasside, OR 41717",2022-12-28,True
157,Joshua Perry,kristenli@hudson.com,001-541-987-6351,"591 Christina Pines, Crossborough, PA 24007",2023-10-10,True
158,Jason Stein,tiffany44@adams.com,+1-484-685-3664x9878,"715 Clinton Lodge, Ballardfurt, NJ 18655",2023-10-25,True
159,Melissa Gates,rsellers@martinez.com,(082)973-7489,"45264 Davis Green, Gonzalezstad, SC 11192",2024-07-29,True
160,Jamie Smith,kburns@adams.com,001-690-835-7232x46651,"409 Tina Circle, Codytown, AL 01111",2025-08-24,True
161,Paul Castaneda,heather57@yahoo.com,+1-364-424-9363x1230,"99512 Dana Parks Apt. 835, Port Feliciaberg, MN 75734",2023-07-22,True
162,Jennifer Adkins,meltonmelanie@gmail.com,477.866.0324,"282 Johnson Camp Apt. 441, Feliciashire, GA 13571",2022-10-30,True
163,Lindsey Walker,melissa86@gmail.com,(044)820-7001,"578 Bowers Crescent, West Johnberg, NM 25187",2025-09-29,False
164,Jeffrey Johnson,troymorris@yahoo.com,941-651-6231x98189,"0791 Elizabeth Islands, Shermanborough, MD 18258",2023-05-24,True
165,Michael Powell,ashleewashington@yahoo.com,001-847-139-1559x63632,"6666 Tracy Overpass, West Annafurt, NM 38144",2024-09-26,True
166,John Anderson,garciakristen@smith-noble.com,234-764-9078,"031 Mcclain Summit, Lake Lee, ND 04166",2024-05-13,False
167,Alyssa Long,bsmith@gmail.com,(158)673-4257x540,"3580 Rodgers Pine Apt. 850, North Stephen, IN 93878",2024-04-18,False
168,Alyssa Day,erik41@ward.com,+1-900-348-6451x8376,"3990 Sandra Ford, West Adambury, MA 23708",2025-01-02,True
169,Joel Williams,ugarrett@fischer.com,6441343275,"Unit 3560 Box 2293, DPO AP 88126",2023-08-02,True
170,Daniel Murphy,thomasanderson@stone.com,001-604-177-6561x24815,"943 Ortiz Branch Suite 664, Port Kimberly, PA 01868",2023-02-14,False
171,Jamie Walton,lisa62@jones-reyes.com,(985)700-2720x63459,"72311 Erik Turnpike Suite 128, Garyview, VT 91598",2023-11-18,True
172,Darlene Miller,michael42@ayala-mullins.com,123-829-6577,"9411 Carson Flats Apt. 873, New Wendy, NJ 14832",2024-10-03,False
173,Joshua Cooke,morenoalan@martin.com,001-242-954-3165x2669,"2113 Gilbert Mill, South Carla, TN 66511",2024-10-05,False
174,Matthew Harrington,fheath@gmail.com,008.931.7342,"50902 Villarreal Glen, West Steven, SD 07897",2022-11-24,True
175,Nicole Herring,lawrencepatrick@edwards-taylor.com,6969421529,"8132 Matthew Stravenue, Johnsonmouth, IA 79361",2025-09-30,True
176,Alex Hernandez,angelagreene@mitchell.com,086-771-3334,"85011 Holmes Brook, Lake Sarah, AZ 19308",2025-04-29,True
177,Michael Elliott,juliephillips@bowers.info,762-639-3436x2620,"PSC 3060, Box 9069, APO AE 29929",2023-04-30,False
178,Michael Wang,allendanielle@gmail.com,439-735-9710x7256,"810 Pineda Rue, Campbellfurt, WA 31652",2022-10-18,False
179,Lawrence Adkins,sarah26@fisher.info,+1-366-941-1800x53759,"7727 Walker Heights Apt. 642, Jodychester, ME 19373",2024-09-07,False
180,Robert Oconnell,matthewsalexander@williams.biz,+1-900-489-6465x28092,"836 Mary Knoll Apt. 666, Quinnmouth, NH 48153",2023-04-12,False
181,Alexander Collins,zhenderson@gmail.com,287-572-1586x241,"83333 Stacy Stream Suite 786, Dawnborough, FL 62135",2023-03-07,False
182,Tina Sanders,christopher18@mccann.net,027-456-4494x85625,"9603 Matthew Estate Suite 862, Johnsonborough, OK 87925",2024-04-03,True
183,Angela Vaughn,wwillis@hotmail.com,001-728-703-2032x0742,"693 Robert Mountain, Port Joanna, NM 41947",2023-06-25,True
184,Ashley Barton,holly30@miller.com,001-761-707-5877x712,"111 Alan Wall, West Melissamouth, MI 27109",2023-10-02,True
185,Lindsay Martinez,parkerjudith@hotmail.com,513-422-8499,"1595 Alvarez Squares, West Kevin, OH 21447",2025-02-18,False
186,Dr. Hannah Patterson,smithderrick@martin.net,908.926.1371,"PSC 2261, Box 8962, APO AP 72894",2022-10-26,False
187,Jonathan Peterson,nathanbrady@yahoo.com,041-659-1520x17774,"312 Davis Canyon Apt. 676, Jacksontown, UT 47999",2023-07-25,True
188,Samantha Garcia,rogersruben@brown.com,+1-050-975-9230x450,"USNS West, FPO AE 64957",2023-08-06,True
189,Madison Poole,ddixon@yahoo.com,001-189-616-4236x1032,"USNV Blackwell, FPO AE 48993",2024-08-17,True
190,Jessica Gross,eric19@sharp.com,(642)147-6492x5158,"462 Victoria Turnpike, Lake Malik, WY 11389",2025-10-09,True
191,Debra Morton,brandoncox@white.net,776.749.9616,"99625 Lee Harbors Apt. 752, Lake Johnport, NV 57248",2023-07-05,False
192,Karen Graham,marcbutler@hotmail.com,(926)610-8573x278,"715 David Road Apt. 904, Gonzalezfort, MS 05217",2023-03-19,True
193,Debra Christian,margaret95@gmail.com,+1-814-761-7422x4386,"655 Russell Junctions Apt. 548, South Juan, NV 88556",2025-07-18,False
194,Angelica Keith,jeffreyblack@finley.info,908-108-1866x1794,"102 John Fall Suite 129, Port Christopher, AL 95280",2025-05-18,True
195,John Bishop,mark87@gmail.com,(491)801-7226x016,"129 Welch Isle Apt. 910, East Samantha, HI 12520",2025-08-07,False
196,Allen Rosales,kellymueller@hotmail.com,001-459-779-4523x219,"63301 Flores Pines, South Lisa, NM 79859",2023-07-09,False
197,Daniel Salinas,frichardson@oconnor.com,168-006-1027x769,"9072 Christopher Flat Suite 289, Lake David, CA 25168",2023-01-29,True
198,Spencer Haynes,randolphandrew@reed.com,001-749-956-4122x0310,"26949 Hunter Heights Apt. 645, New Adrian, TX 33487",2024-04-16,True
199,Adam Vaughan,usweeney@garcia-moreno.com,001-303-723-6831x472,"01750 Miller Track, Smithland, OR 47880",2025-01-08,False
200,Nathan Freeman,jwoodward@hotmail.com,601.227.7707x9334,"457 Harmon Neck, Victorfort, ND 98145",2023-04-28,True
201,Melissa Brewer,williamsjesse@hotmail.com,001-605-016-6799,"56775 Ford Mountain, Hernandezfurt, AK 18776",2025-01-05,True
202,Ricky Davis II,stephen19@gmail.com,001-840-767-8997x3080,"265 Ryan Viaduct Apt. 292, North Allen, FL 36007",2025-03-24,True
203,Elizabeth Perkins,kjones@graham.com,(958)146-7179x57602,"6248 Perez Oval, Reynoldsburgh, TN 08333",2024-11-14,True
204,Joseph Coleman,melissa65@yahoo.com,375-738-3959x7246,"57942 April Park, South Tracy, SC 21289",2022-10-23,True
205,Erin Warner,jesus32@hotmail.com,(572)934-1722x32971,"969 Carol Pines Suite 552, Annettefort, AK 59100",2025-09-17,True
206,David Martinez,danielcole@russell-herrera.com,(743)380-0545x22801,"53574 Ray Isle, East Tammy, SC 75510",2024-05-07,False
207,Bryan Herrera,steven11@gmail.com,619-318-3745x50842,"Unit 3993 Box 3797, DPO AE 41586",2025-03-13,False
208,Cathy Robinson,lewismelissa@gmail.com,001-891-077-1199x180,"2951 Ford Stream, Carlfurt, ID 36704",2023-03-12,False
209,Dr. William Warren,tanyafoster@byrd.com,121.352.4787x12552,"73305 Summers Orchard Apt. 457, Cassandraside, SD 25168",2024-08-20,True
210,Brian Lee,jbond@pierce.com,376-037-5482,"USS Phillips, FPO AE 96903",2023-03-31,False
211,Christopher Smith,brownkimberly@anderson.com,456-532-8632,"66044 Douglas Burg Apt. 615, Parsonsberg, SC 50573",2023-04-09,True
212,Denise Mccann,samantha10@gonzalez.info,(667)850-7208x11556,"1474 Jasmine Motorway Suite 292, Stephanieville, MD 72928",2024-12-06,True
213,Melissa Martinez,steinmaria@martinez-dunlap.com,001-260-602-9084x66845,"6806 Foster Islands, Lake Justinshire, OK 05662",2024-08-25,False
214,Katherine Salas,zunderwood@johnson-vega.com,(048)926-7389x975,"271 Donald Cove, Lake Jimmy, MN 47304",2023-09-10,True
215,Julie Alexander,rebekahhill@yahoo.com,+1-634-108-5628x8431,"1768 Alicia Row Suite 281, South Erik, KS 30306",2025-01-25,False
216,Anthony Everett,mendezchristina@phillips.com,848.520.0894x34681,"37003 Stephanie Ways, New Luis, WV 83643",2024-05-15,False
217,Rodney Morales,patrick63@wilkerson.net,001-054-851-0174x9075,"470 Pierce Canyon, New Barry, OR 64918",2024-03-16,False
218,Mark Brown,wcasey@stephens-washington.org,998.935.4492,"582 Lewis Plain, Lake Julieport, OH 49561",2025-02-17,False
219,Justin Torres,bnelson@yahoo.com,001-683-158-9357x126,"94535 Long Run, Shannonmouth, SD 88561",2025-02-18,False
220,Bailey Duran DDS,huangkimberly@stokes.net,(110)627-3715x86988,"21061 James Port Suite 394, Stevenbury, KS 28918",2023-02-20,False
221,Courtney Mills,terrigarcia@hotmail.com,001-649-767-7622x82772,"32537 Cortez Mount Suite 927, Hoffmanport, TN 33074",2025-04-18,True
222,Jeremy Dalton,amanda03@bradford.com,001-881-377-0285x196,"09004 Kevin Light, North Brian, SD 25507",2024-02-15,True
223,Elizabeth Oliver DDS,brittanydrake@howard.com,159-408-2154,"Unit 5146 Box 0401, DPO AA 19092",2025-03-18,False
224,Theresa Clark,marycochran@weaver-thompson.com,(447)022-9604x432,"07201 Jenny Motorway, Josephshire, CA 96371",2024-10-06,True
225,Matthew Moore,halljeffery@woods.com,001-701-851-0679x4975,"66007 Rivas Loop, North Barbara, TN 08759",2025-09-23,True
226,Benjamin Smith,samantharichard@yahoo.com,(792)287-7725x1996,"USNV Mckinney, FPO AP 63306",2024-10-16,True
227,Kirk Carter,hernandezjanet@schroeder.com,(365)807-4120x9481,"43370 Morgan Village Suite 873, West Michaelstad, NJ 71881",2023-07-04,False
228,Michael Warner,janet69@rogers.com,+1-813-989-0983x7801,"882 Moss Key Suite 296, Taylorstad, LA 19851",2025-10-14,True
229,Michael Bradshaw,fconner@stewart.org,+1-820-433-9718x95690,"865 Miller Glen Apt. 557, Molinaburgh, AZ 45518",2025-09-24,True
230,Lori Guerrero,elizabetholsen@yahoo.com,056.260.8564x1118,"582 Tiffany Turnpike, Port Heather, MT 15165",2023-03-12,False
231,Jessica Stephens,david09@yahoo.com,(422)412-4620,"Unit 8081 Box 9048, DPO AP 22088",2024-05-31,True
232,Susan Serrano,carriemccall@walker.com,+1-520-046-1526x546,"1558 Mills Viaduct Suite 395, Wattsville, SC 84898",2025-02-26,True
233,Christopher Parker,youngtoni@gmail.com,033-993-7886,"081 Thomas Cliffs, Johnfurt, IL 71537",2024-12-27,True
234,Laura Roberts,sean43@steele.com,405-786-1706,"00413 Maria Springs, North Jonville, MI 87216",2022-12-25,True
235,Michael Lyons,williamssamuel@costa-wilkerson.info,+1-304-891-3824x9671,"6534 Harvey Neck Apt. 707, Michaelview, NJ 50800",2023-01-03,True
236,Kathryn Snyder,amy17@hotmail.com,+1-832-582-3868x7007,"9957 Norman Oval, South Johnnyland, IA 95433",2024-03-27,True
237,Andrew Reynolds,shannonlloyd@phillips.com,+1-420-074-9465x398,"6539 Johnson Inlet, Robinsonchester, AL 90131",2023-10-19,True
238,David Davis,petersonpamela@dennis.com,028-914-1612x8463,"718 Steven Square, Solisside, VA 06886",2024-10-29,False
239,Sara Johnston,bbush@hotmail.com,+1-855-474-3553x795,"872 Carter Estates, West Carolynchester, TX 20790",2025-01-25,True
240,Yvonne Chambers,gmoore@harris-lee.net,2097002687,"Unit 1377 Box 3062, DPO AA 06251",2025-10-07,True
241,Andrew Avila,kenneth10@yahoo.com,001-681-180-7156x95620,"9737 Craig Dam, Lake Tiffany, OK 03604",2025-05-12,True
242,Matthew Moon,briansmith@gmail.com,753-703-0453,"608 Reid Coves Suite 704, Grantchester, CA 11936",2023-09-17,True
243,Kevin Walters,bgonzalez@gmail.com,943-375-0479,"6832 Andrew Corners Apt. 378, Angelafort, WY 86518",2023-01-29,False
244,Brandon Bailey MD,tiffany71@glover-ruiz.com,036.149.8728,"80332 Anderson Squares Suite 050, North Aliciaview, NC 01661",2025-02-13,False
245,Shannon Rivera,ylopez@lopez-williams.info,999.219.2124,"3733 Mendoza Forest, East Paulside, CA 19652",2024-05-22,False
246,Donna Landry,jeremy49@gmail.com,001-384-308-9487,"78192 Courtney Loop, Sharonview, AR 99115",2025-05-19,True
247,Krista Gibson,millermaurice@gutierrez.com,6056641877,"0356 Obrien Way Apt. 279, Lucasburgh, PA 68823",2023-06-14,False
248,Frank Cordova,rsheppard@yahoo.com,(803)046-8750x635,"9061 Janet Trail, Port Darlene, KY 52047",2024-12-14,True
249,Jose Travis,zevans@johnson.org,903-613-3254,"8954 Dixon Lights Apt. 751, Hesterside, RI 83255",2025-04-07,False
250,Kimberly Gutierrez,averyshane@stanton.com,107-609-5431,"4983 Mcintosh Islands Apt. 935, Jamesmouth, TX 54442",2024-10-31,False
251,Isaiah Avila,rmiller@harris-carson.com,350.583.1997x1791,"392 Lee Spur Suite 885, Port Steven, HI 15864",2023-07-11,True
252,Olivia Harris,renee11@yahoo.com,006-512-0704,"339 White Rue Suite 536, Loveshire, ND 45248",2024-12-15,False
253,Tanya Kim,melissa87@gmail.com,+1-611-080-4661x963,"1686 Carl Valleys, Sarahmouth, OR 36819",2023-12-19,False
254,Barbara Dudley,perryeddie@hotmail.com,+1-907-676-9915x078,"40679 Thomas Loaf Suite 122, West Kathleenton, CA 36854",2024-03-15,False
255,Cynthia Moore,hartcraig@dillon-beard.biz,931-109-1939x28456,"16309 Alejandro Junction Suite 463, East Christine, WV 35462",2024-02-12,True
256,Kristen Davis,kpena@hotmail.com,972.320.0249x6854,"PSC 5320, Box 8953, APO AE 50737",2023-01-07,True
257,Susan Murray MD,jacksonrichard@hotmail.com,001-822-749-5450,"19947 Cody Vista, Walkermouth, GA 23247",2025-08-03,False
258,Kathleen Moran,fosternatasha@hotmail.com,920.388.0653x33153,"PSC 4103, Box 4699, APO AA 58980",2023-03-15,True
259,Denise Davenport,reesesamantha@smith-roth.com,+1-779-599-5946x52170,"67726 Johnson Track, Jamiefort, WY 69174",2024-12-23,True
260,Mrs. Kristen Reyes,megan13@gmail.com,303.379.3375x6362,"8967 Nathan Squares, New Maryfurt, WY 53454",2023-05-19,True
261,Katie Suarez,uschroeder@yahoo.com,5015081247,"6434 Nicolas Wells Suite 093, South Jennifertown, OK 45744",2023-07-05,False
262,Desiree Tyler,lopezjason@yahoo.com,950.033.4234,"6761 Scott Forks, Michaelview, GA 22592",2024-10-26,True
263,Timothy Romero,lori82@gmail.com,001-258-323-0241x0261,"65031 Christopher Square, West Christianview, FL 38925",2023-06-26,False
264,Diane Evans,htaylor@hotmail.com,347-355-2896x11223,"2364 Abigail Fort Apt. 909, West Amy, GA 31466",2022-10-18,True
265,Yvonne Burns,jameswhitaker@wright.com,865.596.3099,"111 Roth Fall, Port Stevenstad, HI 20518",2023-01-08,True
266,Joshua Reed,joshuacolon@hotmail.com,842.530.4289,"05248 Vincent Centers, Taylorton, FL 17840",2023-07-19,False
267,Kimberly Gibson,maldonadojohn@yahoo.com,317.912.8685x7872,"473 Thompson Creek Apt. 290, South Derekport, NC 64720",2025-02-19,False
268,Colin Terry,susanwells@hotmail.com,587-774-9690x33373,"868 Hayden Pike Suite 996, Alexandrachester, NY 66001",2023-09-14,True
269,Cynthia Rowe,frank41@yahoo.com,(346)692-5481x2147,"19541 Reyes Hills, Andrewfort, WV 02603",2025-05-29,False
270,Patrick Thornton,kwilliams@vincent.com,539.078.9567x76657,"9246 Douglas Forks, Kingfurt, VT 61476",2024-01-17,False
271,Jasmin Alvarado,denise80@smith.org,460-273-4151x48881,"2603 Penny Courts, Nathanielstad, MS 86147",2025-01-27,True
272,Veronica Simpson,johnnytrujillo@marquez-fletcher.com,311-150-8353x544,"458 Williams Ways, Jonesmouth, ME 66917",2023-05-03,False
273,Jonathan Lawrence,dyork@yahoo.com,001-439-284-0445x6690,"84008 Crystal Landing, South Richardmouth, RI 43301",2025-06-14,True
274,Shelly Alexander,hturner@sanders.com,826.333.7389x8775,"917 Hamilton Passage, Lake Kimberlyshire, CA 20598",2023-10-07,True
275,Joyce Bowen,gabrielle71@yahoo.com,536-637-7805,"USCGC Rivera, FPO AP 58154",2023-05-15,False
276,Matthew Moore,michelle44@gmail.com,(924)075-5366,"23196 Foster Canyon Apt. 402, South Ashley, FL 56457",2025-08-11,True
277,Wayne Morgan,racheltrujillo@powell.com,+1-684-590-9022x59999,"01204 Buchanan Forges Suite 271, Lake Stevemouth, VA 49275",2023-06-15,True
278,Marie Christian,jordan66@yahoo.com,(636)186-3715x9741,"885 Rose Shores Suite 933, South Timothymouth, ME 65889",2023-01-16,True
279,Shannon James,matthewreeves@nichols.com,(182)097-0231,"Unit 6094 Box 4128, DPO AE 29199",2023-11-12,False
280,Nathan Malone,marywalter@gmail.com,(433)481-7058x0256,"2188 Gutierrez Locks, Knightport, IA 21793",2023-03-03,False
281,Amanda Jones,ruizjoyce@hotmail.com,(212)867-1632x3467,"0666 Robert Burgs, Sharonville, IA 64270",2023-12-21,True
282,Tammie Bright,destiny35@garner.biz,(994)938-7430,"9366 Justin Ridge Apt. 529, Brittneyland, CO 11289",2023-12-24,False
283,Jessica Garcia,jorge47@gmail.com,(716)938-5977,"86712 Aaron Fall, East Kellystad, TX 92249",2024-11-11,True
284,Shelia Wallace,delacruzbrandy@hotmail.com,901.475.4692x632,"24510 Vanessa Ridges, Port Sandraburgh, MO 64773",2023-12-24,False
285,Stephanie Williams,gpreston@dillon.net,+1-676-291-6032x484,"819 Taylor Mountain Suite 281, Obrienport, MO 44889",2025-07-30,False
286,Elaine Brooks,jbrown@gmail.com,+1-137-681-5118x56724,"5844 Butler Freeway Suite 533, Hernandezberg, CO 08201",2023-09-10,False
287,Joseph Knight,robert97@stewart.com,807.017.6563,"17221 Townsend Spurs, Bethfort, MT 16572",2023-05-09,True
288,Carolyn Miller,lcook@walters-smith.com,(004)125-7771x1837,"USNV Pineda, FPO AE 62527",2025-01-09,True
289,Lisa Allen,barbaramoore@anderson.biz,(742)209-1241,"63510 Maureen Unions Suite 627, Barrettfurt, VT 42913",2023-04-05,False
290,Briana Murray,ysanford@gmail.com,+1-621-042-7523,"659 Adrian Tunnel Apt. 461, Hutchinsonmouth, AZ 18895",2023-01-27,False
291,David Smith,jessicadodson@sherman-schmidt.com,001-083-708-1647x090,"3260 Crystal Station Suite 955, North Timothyhaven, IL 19874",2024-08-01,True
292,Stephanie Byrd,jeremywiley@anderson-reyes.org,6335331060,"689 Ryan Street Apt. 798, Ambermouth, LA 44096",2024-04-28,True
293,Jeremy Reed,cameronwilliams@yahoo.com,5313122068,"6799 Sandra Village, South Joseph, SD 05574",2025-03-31,False
294,Margaret Coleman,ryan25@yahoo.com,558-393-8661,"4083 Jeffrey View Suite 360, Williamsland, KY 70658",2025-05-09,True
295,Ryan Gonzalez,frederickmeadows@yahoo.com,315.520.6506,"84907 Amanda Plaza Suite 136, Gregoryborough, TX 56796",2023-08-17,False
296,John Young,jeffreymercer@gross.net,731.495.0136,"0124 Diane Skyway, Robertchester, VA 21984",2025-10-10,True
297,Laura Haney,richardsondebra@brooks.com,971-892-4195x6252,"8811 Morgan Walk Apt. 314, North Kathy, DE 66097",2022-11-01,False
298,William Barrett,stanleydesiree@williams.biz,+1-571-509-9768x3890,"179 Floyd Knolls Apt. 526, New Sierra, AK 81810",2025-08-27,False
299,Keith Jennings,qmartinez@yahoo.com,091.436.3910,"22528 Timothy Throughway, Anthonyfurt, WV 57176",2023-05-01,True
300,Amber Obrien,heathermccoy@fisher-garcia.net,(574)326-3039,"23979 Theresa Summit Apt. 787, Morrisstad, AZ 05269",2025-06-17,True
301,Tanner Mitchell DDS,robertroach@hotmail.com,524.508.6403x553,"505 Perry Villages, West Michelleland, CT 78442",2022-11-06,True
302,Heather Fields,daniel17@lynch.net,803.396.8527,"277 Wilson Valleys, Port Marymouth, ME 70897",2023-05-03,True
303,Megan Le,jade42@kelley.info,+1-017-130-2321x2983,"10424 Kidd Harbors Suite 618, Charlesport, ME 53830",2022-12-12,True
304,Sara Fuller,aaronpowers@gmail.com,816.742.3362,"2128 Michael Court Suite 551, New Jason, CO 30846",2025-06-27,False
305,Maria Parker,stacychan@gmail.com,+1-344-973-4715x662,"818 Escobar Shoals Suite 160, Samanthachester, TN 44182",2023-09-04,True
306,Kevin Oconnor,dawn74@marshall-garcia.com,768.962.7066x1498,"11901 Williams Valleys, Richardville, GA 77945",2023-01-03,False
307,Edward Burgess,michael56@wilson.com,(824)674-7468,"USNS Miller, FPO AE 24766",2023-12-21,True
308,Carlos Ryan,markkline@adams.com,+1-715-273-2300x857,"073 Gary View, South Adam, KY 76089",2025-10-02,True
309,Kiara Mcintyre,moralessuzanne@houston-vaughn.info,(665)674-9160x1692,"8306 Christina Loaf, Port Allison, DC 53522",2023-06-05,False
310,Dawn Summers,danielhorton@gmail.com,645.875.0663,"Unit 6944 Box 3916, DPO AA 85479",2023-09-22,False
311,Dr. Paul Morgan,perrybrittany@gregory.com,705.024.9724,"69342 Lisa Prairie, Lake Johnton, IA 98133",2023-05-08,True
312,Victor Taylor,timothyfreeman@alexander-brown.com,992.011.6691,"623 Chung Ports, Lake Jasonville, UT 02304",2023-05-07,False
313,Shannon Ramsey,tiffanysantiago@stone-watts.org,362.644.8869x46119,"72215 Rowland Lane Suite 732, South Michael, TN 87310",2024-08-28,True
314,Tracy Ballard,pstanley@reed-rhodes.biz,001-524-364-0270x11686,"6040 Ford Circle Apt. 784, South Daniel, FL 37652",2024-11-28,True
315,Richard Smith,smithsarah@allison.com,+1-462-252-2372x8179,"78197 Turner Fork Suite 347, Nelsonfort, NV 17997",2024-04-26,True
316,Jordan Chambers,john40@hotmail.com,230.234.6791,"763 Daniel Stravenue, Alexaville, TN 68197",2023-05-02,False
317,Lauren Carson,ppowell@stevens.info,+1-214-161-4150x9377,"19134 Pacheco Throughway Apt. 780, North Mark, WI 73098",2025-10-01,False
318,Ashley Hall,hwest@mcgee-smith.biz,+1-100-409-0138x06984,"73214 King Unions Suite 936, Codyfort, ID 32598",2023-03-26,True
319,Stephen Hoffman,hawkinsaaron@gmail.com,759.655.5535x6690,"7385 Perez Points Apt. 119, East Robert, IL 61722",2023-10-30,True
320,Connie Brown,diamondbryant@yahoo.com,(510)762-0918x435,"87233 Nathan Camp, Alexandershire, DE 37255",2024-05-18,True
321,Susan Turner,velasquezmegan@yahoo.com,978.630.5050x573,"15391 Linda Turnpike Apt. 074, Lake Katherine, AL 64667",2023-08-14,True
322,Charles Shah,jennifer11@hotmail.com,+1-769-156-7164x932,"5118 Sandy Harbors, South Heatherstad, NV 73414",2022-12-20,False
323,Johnathan Davis,petersonmaria@kelley-brooks.com,980.271.4872x71783,"190 Lee View, East Joan, HI 26172",2023-05-07,True
324,Brandy Chavez,travisunderwood@griffith.com,321.160.2564,"47073 Anthony Stream, West Courtney, WV 39769",2024-12-06,True
325,Natalie Bautista,ylewis@love.biz,471.287.1539,"12760 Nicholas Place Apt. 611, East Charles, CT 57467",2023-03-11,False
326,Patrick Moore,bartonshannon@lawrence.com,001-915-668-6334x14111,"8889 Mercado Estate, South Roger, WY 58837",2024-07-27,False
327,Brett Burns,eroberson@norman.com,931-952-5690x40983,"303 Phillips Trail Suite 191, North Jerry, ND 15333",2024-03-21,True
328,Trevor Johnson,hughescaroline@gordon-cruz.org,(655)289-9316x0875,"920 Amber Fort Apt. 308, East Amberland, NC 70960",2022-12-29,False
329,Jeremy Sampson,raymond54@ballard-taylor.org,(437)729-4209,"8220 Henry Villages Apt. 231, New Scott, VA 83581",2024-07-10,True
330,Ariana Jennings,jennifer83@gmail.com,481-497-3746x05233,"2450 Kathy Tunnel Apt. 001, Frederickshire, CO 90672",2023-11-14,True
331,Vanessa Howard,glenda22@daniels.com,001-027-642-0865x675,"8509 Jennifer Knoll, Nicholasville, NY 85122",2024-06-22,False
332,Colton Martinez,icraig@yahoo.com,001-661-844-3861x25904,"2182 Mitchell Pike Apt. 224, West Nicolaston, NE 61752",2023-08-19,True
333,Jordan Bates,millsanthony@gmail.com,292.774.2333x059,"43655 Michael Path, Alyssafurt, OK 16615",2022-10-21,False
334,Linda Smith,gonzalezkaren@terrell.com,266-201-5720,"8355 Michael View, Port Barbara, AZ 72923",2025-09-10,True
335,Dana Martinez,vaughnkenneth@johnson.net,859-626-3013,"63369 Montgomery Turnpike Apt. 982, North Bruce, AR 16545",2023-01-14,True
336,Andrea Hubbard,yyoung@roberts.biz,(749)261-7647x5011,"188 Jose Street Suite 287, Gilmorebury, ID 50057",2024-04-04,False
337,Daniel Kane,tammy00@hotmail.com,178-309-9974,"164 Eric Circles, Lake Ricardo, LA 95657",2025-04-28,False
338,Charles Lester,christinenorman@yahoo.com,001-192-676-4921x518,"4203 Avila Curve Suite 863, West Susanview, NH 05845",2023-10-10,False
339,Scott Thomas,kari89@parsons.com,(606)888-7189,"625 Todd Way Apt. 263, Matthewburgh, ID 96084",2024-08-30,True
340,David Thompson,tonyajones@gmail.com,+1-131-292-0875,"6464 Palmer Via, Port Jeremiahville, IA 73388",2024-09-25,True
341,Allison Smith,rwilliams@baker.com,029-321-8401,"5279 Emily Junctions, West Gloriaton, LA 31803",2024-09-29,True
342,Cynthia Morris,jmckinney@gmail.com,845-826-0340,"53849 Stephenson Crossing, Chandlerberg, CT 12305",2024-04-21,True
343,Anthony Harmon,candice94@tyler-pierce.com,487.297.5859x88310,"718 Catherine Flat Apt. 913, Robinsonfurt, MD 30086",2024-06-26,False
344,Nichole Alvarez,susanmeyer@hotmail.com,032.432.9839,"11987 Esparza Court Suite 868, North Rhondaborough, AK 04354",2025-04-12,False
345,Kayla Rodriguez,zdaniels@bailey.com,(429)618-4462x671,"1829 John Lane Suite 774, Mackenzieville, MT 00903",2023-03-15,False
346,Theresa Williams,kelly98@yahoo.com,628-314-3598x926,"5952 Charles Rapids, Port Davidhaven, WI 75871",2025-05-23,True
347,Sharon Boyd,caldwellsean@austin.com,(566)093-1418,"36875 Brenda Throughway Suite 322, New Carolyn, CA 31976",2025-01-28,False
348,Victor Brown,cruzamber@yahoo.com,861-515-5423,"6114 Heather Walks Suite 288, Shepardton, MN 83139",2023-09-30,False
349,James Parks,willie87@williams-villanueva.com,016-361-1284x971,"76660 Darren Crossroad Suite 003, New Nicolestad, MO 80117",2023-05-10,False
350,Theodore Jones Jr.,vaughangary@hotmail.com,594.849.1025x62588,"2715 Cory Extensions, West Priscilla, AR 56834",2023-02-04,False
351,Ana Hill,clarkcrystal@hancock.com,+1-679-240-8222x694,"9177 Hines Row, New Jason, KS 38564",2025-09-13,True
352,Kimberly Nguyen,elucas@parks.com,5396727578,"34808 Deleon Junctions, Johnside, NC 18391",2022-11-21,True
353,Kerry Chavez DDS,brownlaura@jones.biz,468-341-4651x1131,"59101 Hayes Square, New Lynnhaven, OK 76633",2025-07-25,False
354,Michael Farrell,bmccoy@yahoo.com,(901)487-0682,"9207 Aguilar Expressway Suite 999, Wangshire, MS 86585",2023-06-25,True
355,Patricia Le,inunez@may.com,788.160.9306x8538,"84285 Walsh Port Apt. 259, West Andrewhaven, ME 75144",2025-05-03,False
356,Jesse Perez,howardwesley@buchanan-turner.com,+1-909-728-3215x28506,"31234 Kimberly Meadows, Elliottton, RI 92209",2023-03-05,True
357,Jesse Perry,qjames@gmail.com,625.153.8144x7443,"61760 Thompson Forge Suite 838, West Elizabeth, MN 85722",2024-07-23,True
358,Jeffery Ortega,amandataylor@yahoo.com,9634807970,"804 Phyllis Lodge, East Rachelshire, NE 45241",2025-09-11,False
359,Christian Leblanc,kennetheaton@hotmail.com,(097)545-1052x650,"9582 Guerrero Course, Berrystad, SC 10043",2025-09-16,False
360,Ronald Davis,spencerangela@gmail.com,673-188-2617,"PSC 3087, Box 6123, APO AP 41617",2023-02-08,False
361,Parker Cain,armstrongphillip@arroyo.com,2437654562,"3468 John Underpass, Melissaview, AZ 04361",2024-10-15,False
362,Laurie Hoffman,gwhitehead@martin.org,+1-417-722-5605,"3008 Burke Loaf, North Darrylfurt, ID 10338",2024-01-23,True
363,Bryan Gomez,dannylambert@hotmail.com,001-313-402-6650x237,"500 Nicholas Centers, Christopherland, WA 42626",2024-05-26,False
364,Nicole Parrish,enewman@powers-king.com,+1-416-787-2568x62110,"83976 Brent Land Apt. 440, Alexanderport, GA 08127",2025-05-18,True
365,Tracy Burke,michael31@yahoo.com,(258)030-5690,"66292 Smith Union Apt. 776, East Arianaland, WI 35044",2022-12-19,False
366,Kenneth Lewis,louishayes@hopkins.org,(744)716-3928x23414,"33373 Sharon Island Suite 235, Rodriguezside, NH 01895",2023-06-21,True
367,Courtney Rodriguez,susan20@yahoo.com,001-363-718-9239x231,"119 Aaron Creek, Port Robert, NY 88271",2025-04-08,False
368,Holly Farmer,jenniferdavidson@larsen-taylor.com,(604)326-0931,"8956 James Mission Apt. 844, Brittanyburgh, OR 42840",2025-01-18,True
369,Renee Bruce,xgriffin@yahoo.com,6684335670,"8016 Mitchell Center Apt. 734, South Thomasville, NH 97614",2023-09-20,True
370,Sabrina Austin,thompsoncatherine@yahoo.com,604.145.4563x50200,"10217 Curtis Fields, Aprilchester, OK 72082",2023-04-20,False
371,Allison Hickman,josemercado@luna.net,5347491624,"973 Delacruz Fort Apt. 182, Rickymouth, OK 98840",2022-12-01,False
372,Debra White,nhammond@arnold.net,554.110.8255x5989,"9866 Shawn Squares, South Michellefort, MO 68432",2023-11-30,True
373,Ellen Morgan,michaelwalker@hotmail.com,(343)961-1291x093,"50682 Donna Extension, East Crystal, TX 21369",2023-11-06,False
374,Sergio Knight,stevendixon@yahoo.com,711.895.4738,"505 Giles Spur Suite 692, New Deniseburgh, OK 18686",2025-02-03,False
375,Charles Schultz,batesmelanie@hotmail.com,001-202-368-4855x7161,"9089 Young Road Suite 802, North Melissa, AZ 79821",2023-12-19,True
376,Paul Lewis,seanwhite@hopkins.info,688.029.4240x9036,"869 Romero Highway, West Nicole, WA 80419",2023-01-28,False
377,Glen Wood,robinsontony@gmail.com,881.278.6866x9432,"145 Garrett Parkways, Riverston, SD 58356",2025-06-06,False
378,Paula Bradley,jim38@yahoo.com,2939087884,"86767 Amber Shoals, North Sarah, KY 50367",2024-06-09,False
379,Anthony Moore,chardin@gmail.com,344-812-3083x4024,"779 Cruz Drive, Wagnerberg, DC 42459",2024-06-16,False
380,Megan Nelson,padillaadrienne@yahoo.com,(403)381-0595,"0858 Raymond Ferry, West Brett, AK 87476",2023-06-25,False
381,Karla Ramos,nicholasgray@hotmail.com,184-269-4500x53424,"PSC 5669, Box 5790, APO AE 88713",2023-06-08,False
382,Paul Wilson,nicholas38@gomez-parrish.info,8916498373,"255 King Pine Suite 796, East Michael, RI 39057",2025-03-16,True
383,Douglas Gregory,shawdon@gmail.com,439-627-3652x71727,"289 Clarke Village, Port Shelia, OK 14014",2023-02-20,True
384,Mr. Andrew Foster,robertsonjuan@lopez.org,(239)724-0422,"1528 Bowen Orchard, West Paul, GA 53408",2023-08-28,False
385,Aimee Turner,robertrivera@olson.info,(931)216-3761x8209,"USNS Oneill, FPO AE 45501",2023-04-19,False
386,Chad Scott,deborahjenkins@williams.org,660-100-2314,"38186 Diaz Rue Suite 846, Alexismouth, NM 89643",2024-07-30,True
387,Adam Burgess,crystalwilliams@thomas.net,(900)185-1327,"03491 Sara Creek Suite 972, East Adriennemouth, IA 35776",2024-11-11,False
388,James Padilla,johnsjessica@yahoo.com,001-972-457-2308x48100,"3641 Carter Coves, Mariaborough, IL 96043",2022-11-07,False
389,Sandra Drake,shanehaney@jackson-greer.org,841-862-0303,"7813 West Island, North Susanview, FL 91874",2024-12-03,True
390,Scott Williams,cindydixon@ramsey.info,(625)436-1721x31451,"1052 Reyes Pines, Lake Brittanyfort, AR 79808",2023-01-11,False
391,Thomas Atkins,nicholasanderson@harris.biz,+1-515-109-2268x592,"0452 Megan Pine, Richardberg, OH 56619",2024-05-08,False
392,Laura Mckinney,thompsonrachel@williams.com,+1-624-945-1475x41022,"867 Ramirez Wall Apt. 275, Tonyaview, SC 45004",2024-07-08,True
393,Brian Smith,mhopkins@carey.biz,267-711-9642x15226,"5942 Kevin Ridges Apt. 165, East Sarahtown, AZ 06120",2025-02-28,False
394,Robert Montgomery,nancy86@gmail.com,(576)769-5236x687,"3931 David Wells Apt. 551, North Mario, AZ 68892",2024-05-11,False
395,Tamara Davis,zbell@hotmail.com,+1-878-836-1968,"214 Mitchell Pike Suite 699, Thomasbury, NV 84036",2024-07-26,False
396,Dana Chapman,eanderson@kent.com,001-313-503-0587,"620 Michael Passage Apt. 543, New Jefferyburgh, ND 14376",2024-06-18,False
397,Jennifer Collins,jacob09@hotmail.com,(105)524-7286,"23920 Hanson Circle, Rodgersland, IA 54944",2024-10-01,False
398,Gary Jackson,brooksjamie@ortiz-rodriguez.biz,330.212.6065,"87508 Katie Lodge, Lake Stephenburgh, MI 63425",2022-12-19,True
399,Ashley Hicks,melissa69@yahoo.com,1917920252,"584 Taylor Drives Apt. 529, New Lisamouth, TN 73088",2024-06-03,False
400,Hannah Luna,afischer@hotmail.com,310-962-2728,"0827 Deanna Extensions, South Graceborough, WY 94505",2023-10-15,True
401,Robin Young,mitchellpeters@yahoo.com,001-476-570-4120x092,"52229 Joyce Extension, Lake Ronaldmouth, OR 10378",2025-10-09,True
402,Craig Morrison,kim62@hotmail.com,206.678.4984x36241,"823 Mark Lakes, Port Becky, ND 27133",2024-06-20,False
403,Mary Thompson,seanlyons@garcia.biz,623.690.3628x91775,"6177 Robinson Valley Suite 430, Joseview, WI 65790",2023-06-11,False
404,Kathleen Webster,martintamara@gmail.com,+1-662-056-3411x1595,"79970 Ashley Mill, East Brianbury, PA 61909",2023-02-24,True
405,Joann Glass,thomasburke@brown.com,3428113904,"137 Taylor Point Apt. 220, East Laurafurt, WY 95673",2025-03-20,True
406,Madison Weber,ramseysarah@mendez-meyer.org,830.341.9909,"00487 Stone Parkways, Baileyborough, WA 95140",2024-12-20,False
407,Lori Hernandez,daniellegonzales@jefferson.com,005.140.5468x3565,"852 Dana Lock Apt. 030, Tiffanybury, SD 11250",2024-06-19,True
408,Jeremy Turner,bowerswilliam@hall.com,(156)818-2096,"71523 Andrew Drive Apt. 950, West Jamesview, WA 67528",2024-05-01,True
409,Anthony Romero,christopherhill@gomez-foster.org,904.227.1133x2288,"96713 Davis Crescent, South Brandon, VA 20396",2024-04-30,True
410,Jesse Brown,mclaughlincasey@dunn.net,001-985-725-4596x0633,"76720 Catherine Summit, North Danielfurt, DC 24186",2023-01-18,True
411,Angela Lin,sylvia43@hotmail.com,+1-912-971-0248x171,"2587 James Road, North Kelly, NE 50345",2024-01-30,True
412,Lisa Hunter,kspears@green.net,524.214.9551x127,"274 Edward Tunnel, Gregoryland, AK 73689",2025-04-06,True
413,Julian Conner,gordonmatthew@pratt.net,747-219-7054x669,"0952 Caitlyn Lane, North Mary, ID 92333",2024-01-05,False
414,Joanna Pacheco,kchurch@yahoo.com,+1-275-895-5168x74090,"610 Jennifer Port Suite 297, Port Coltonmouth, FL 36606",2023-11-16,True
415,Erica Alvarez,susan77@atkins.biz,001-380-214-6296x1367,"585 Parker Curve Apt. 041, North Donald, AR 55873",2024-01-26,False
416,Antonio Garcia,laurengutierrez@black-smith.com,+1-157-787-1121x66365,"3874 Gabriel River, South Jenniferland, NE 77939",2025-08-01,False
417,Gwendolyn Klein,christopher51@velazquez.org,559-737-1470,"24815 Green Way, Port Natalie, SD 01494",2022-12-12,True
418,Carrie Wright,staceyvega@gmail.com,+1-272-359-0960,"30109 Velez Lodge Suite 975, Orozcoport, CA 49114",2024-09-01,False
419,Jeffrey Mills,jimmyallen@yahoo.com,(673)030-6442x121,"4623 Mendoza Coves Apt. 476, North Bradleyton, DE 67895",2024-08-17,False
420,Jake Campbell,jameswright@kelly.com,614-768-3420x165,"68317 Hill Course, Martinhaven, ND 02221",2024-06-16,False
421,George Harper,duranamber@gmail.com,001-423-567-7826x59608,"1290 Terri Squares Apt. 713, South Shawnbury, NH 93905",2023-08-18,True
422,Maria Jones,christine79@yahoo.com,+1-319-925-5027x275,"45847 Gonzalez Locks, North Jane, AK 74573",2025-09-14,True
423,Michael Mitchell,traceymoon@yahoo.com,648-072-7910,"857 Warner Ranch Suite 703, New Adamborough, WI 26763",2024-02-04,True
424,Mary Escobar,karenanderson@hotmail.com,368.296.3533,"4666 Christian Prairie, New Johnberg, NJ 02988",2025-05-13,True
425,Felicia Aguilar,cayers@hotmail.com,+1-905-504-4817x76655,"6614 Sims Burg Apt. 107, Estradaville, KS 05396",2023-08-05,False
426,Gregory Ponce,xdalton@gmail.com,+1-685-127-6528,"388 Lori Port Suite 905, Lake Whitney, MD 23061",2023-10-01,True
427,Jenna Larson,wolfesteve@hotmail.com,+1-286-646-4911x110,"497 Logan Pines, Fowlerland, NH 77875",2025-03-16,True
428,Emily Bennett,craignicolas@nguyen.com,+1-617-981-7890x463,"6984 Robert Light, East Javierport, NM 63401",2024-07-25,False
429,Robin Santiago,joel79@diaz-jimenez.com,786.137.1576,"25623 Aguilar Crescent, Romanland, KS 22146",2024-04-03,True
430,Nancy Jennings,michael64@yahoo.com,+1-605-384-4446x3060,"37087 Daniel Loop, Port Erictown, TN 82784",2022-10-30,True
431,Maria Henderson,tiffanyparks@le.net,0258955296,"59989 Lester Creek, South Sydneyside, SC 77525",2024-01-29,True
432,Jack White,zgonzalez@hotmail.com,863.960.9626,"Unit 8018 Box 6448, DPO AE 21566",2025-07-18,False
433,Travis Tucker,lshaffer@porter-cowan.net,001-265-826-3128x1964,"8839 Compton Landing Suite 082, Port Anthonyside, MT 62669",2025-05-13,True
434,Chad Jones,jevans@hotmail.com,+1-253-110-6092,"36914 Davis Rue, East Williamfort, OR 35944",2024-05-24,False
435,Ashley Wise,kgarcia@lewis.info,9819602752,"827 Lane Skyway Suite 040, Jeromeville, WY 12092",2023-07-03,False
436,Sophia Johnson,qgarner@ward-grant.com,343.836.4041,"56078 Gregory Haven Apt. 565, Port Sarahshire, TN 88322",2024-09-20,False
437,Ralph Anderson,jenkinsmichael@hotmail.com,(091)179-1124,"0964 Reyes Gateway, Selenachester, KY 59884",2023-08-07,False
438,Christopher Guerra,tiffanymitchell@nunez-freeman.info,211-753-6170x617,"70285 Paul Estate, Bethanybury, SC 53798",2023-05-06,False
439,Rhonda Martin,daustin@frye.com,+1-136-657-2240x2990,"89348 Patel Parkway, New Blake, DC 34387",2023-07-06,True
440,Jason Rhodes,esweeney@gmail.com,557-998-0284,"799 Roger Road, North Kevinborough, DE 77374",2024-06-06,False
441,Jeremy Mitchell,jeremy54@adams.info,390-808-8235,"PSC 3592, Box 3613, APO AE 62774",2023-05-14,False
442,Joann Ferguson,lgutierrez@gmail.com,305-231-2447,"2304 Hawkins Court, Cooktown, GA 47728",2024-08-20,False
443,Robert Harrison,ebonyshepard@brady.com,158.477.6863,"PSC 4472, Box 4191, APO AA 42166",2023-04-17,True
444,Holly Valentine,bkelley@warren-ferrell.com,234-619-9423x767,"440 Morales Circles, Camposfort, WA 09064",2023-03-03,False
445,Mrs. Diane Reyes,christopherhuynh@yahoo.com,(945)919-6639x55172,"498 Amy Stream, Port Richardside, CT 36086",2024-01-19,False
446,Tracy Montoya,johnmitchell@hotmail.com,8496498560,"8135 Samantha Road Suite 486, Lake Theresa, UT 81574",2023-06-02,True
447,Brenda Wright,alisonjackson@alvarado.info,256-253-1355,"694 Mark Radial Suite 501, New Dennisburgh, TX 63121",2023-11-18,False
448,Shelly Spencer,amy28@gmail.com,(510)505-3795,"Unit 3605 Box 1171, DPO AA 89992",2023-09-18,False
449,Ryan Rosales,omills@hotmail.com,816.493.8318,"886 Robert Gateway, Daughertyberg, NY 76426",2024-07-16,True
450,Phillip Nelson,timothy31@yahoo.com,919-665-5330x770,"067 Brandon Ranch Suite 248, Haroldport, MS 49658",2025-08-15,False
451,Brittany Kim,robert24@gmail.com,611-729-5963x904,"896 Jimenez Causeway Suite 642, Port Krystalport, NE 48235",2023-05-18,True
452,Courtney Hayes,mauriceharrison@watts.info,9074260880,"8097 Tate Forges Apt. 890, Andersonstad, MO 50473",2024-04-02,False
453,Alexander Brown,cannonlauren@hotmail.com,017-164-4556x18579,"5401 Chen Rapids, Jeremyton, UT 89009",2025-07-29,False
454,Cynthia Vang,kelleyjacob@kim.biz,6477159103,"22427 Brandt Neck, Collinsberg, MD 80883",2025-02-24,False
455,Alfred Galvan,josehenderson@gmail.com,0215632135,"12411 Bartlett Walk, Amandahaven, MS 08361",2025-10-01,True
456,Marie Moody,deborah84@yahoo.com,+1-004-010-4145,"79867 Frey Crossroad, Port Christian, PA 47472",2024-02-26,True
457,Dustin Gallegos,whitekeith@gibson.info,001-964-229-7125x296,"7264 Danielle Manors, East Jessicaburgh, IL 69806",2023-12-05,True
458,Brenda Thornton,andrew08@lopez.com,+1-718-839-7745x7314,"3659 Delacruz Place Apt. 785, West Tonya, HI 41102",2025-08-28,True
459,Aaron Miller,jenniferacosta@gmail.com,001-415-833-1170x30376,"545 Williams Springs, Scottstad, SD 61740",2023-06-09,False
460,Ruben Dunn,alexisrobinson@collins-lloyd.com,715.398.8547,"11232 Mitchell Plain, Flemingland, NV 52686",2023-03-23,True
461,Kelsey Rodriguez,riveramegan@gmail.com,+1-281-235-6798x3631,"427 Anthony Ways, Cohenland, NJ 46852",2025-09-06,True
462,Eric Williams,kimberly18@white-huang.com,624-912-7113x072,"96304 Espinoza Fields, South Chelseabury, VA 71977",2024-12-24,True
463,Riley Bryant,martinezkayla@gmail.com,078-754-1815x632,"9353 Smith Walks, New Cesarfurt, NJ 66712",2024-12-22,False
464,Taylor Carlson,cwright@gmail.com,(868)507-4510x6634,"5244 Rangel Lake, Joseton, ND 28060",2025-07-01,False
465,Jose Allen,boydtina@yahoo.com,629.489.7861,"179 Shannon Tunnel Apt. 053, East Amandahaven, TN 33984",2022-12-17,False
466,Jeffrey Mendez,sharon20@hotmail.com,+1-031-310-0943x18143,"996 Nicole Track Apt. 457, Port Timothy, NV 89764",2025-01-23,False
467,Jason Beck,timothy43@clay-boyer.com,+1-666-134-7323x549,"01986 Thompson Curve Apt. 839, Martinbury, OK 14028",2024-11-20,False
468,William Jones,cynthianguyen@bauer.com,012-897-4325x1225,"870 Mora Estate, East Zachary, AR 93783",2025-04-26,True
469,Katie Mcneil,albertwilliams@hotmail.com,207.650.2412x095,"21010 Jerry Alley, North Heatherfurt, NE 50230",2025-09-18,True
470,Jeanette Harrison,nathandavis@gmail.com,907.371.0094x3882,"987 Martinez Plaza, Port Kennethstad, WY 12682",2025-06-02,False
471,Veronica King,parksmatthew@hotmail.com,001-211-457-7584x74570,"453 Brittany Throughway, Port Timothychester, WV 72634",2023-03-18,False
472,Richard Cooper,kellyeric@moody.net,(458)971-4802x632,"4695 Austin Flat, South Maryfurt, HI 00960",2025-06-10,True
473,Lori Ingram,bquinn@hotmail.com,(703)965-3136x148,"9671 Smith Spurs Apt. 666, Adamsland, SD 52010",2024-07-11,False
474,Evelyn Williams,jennifer40@yahoo.com,824.556.9644x309,"PSC 4113, Box 4078, APO AA 13683",2023-06-03,False
475,Robin Thompson,amy73@hotmail.com,591.679.5410x72728,"708 Michael Points Apt. 668, West Angela, ND 95608",2025-07-06,True
476,Julie Dominguez,mario74@rocha.com,982-474-1407x0349,"69708 Amber Point Apt. 787, West Anthonyshire, HI 48082",2023-10-24,False
477,Robin Brown,lori85@yahoo.com,074-065-0042,"760 David Corners, South Nicole, MI 60080",2024-02-12,False
478,Judith Carter,bgross@vincent.com,(488)214-2369x143,"0418 Kathleen Ports, Sarahland, NH 47845",2023-02-25,False
479,Curtis Williams,alexandriajimenez@hotmail.com,7536661449,"77741 Tracy Lights Apt. 118, West Christopher, OR 53298",2025-08-04,False
480,Kaylee Hays,marcus51@mills.com,296-592-3426x8344,"USCGC Adams, FPO AE 18970",2025-05-07,True
481,Dawn Mullins,morganharris@lee-johnson.biz,497-826-6128,"8917 Lisa Greens Suite 421, Erinstad, AZ 42307",2025-03-21,False
482,Howard Norman,brandon39@hotmail.com,585.756.7667x080,"92257 Jennifer Brook, North Crystalbury, MA 54241",2025-09-11,True
483,Evelyn Martinez,conradjason@hebert-collier.info,001-612-943-9852x98940,"2324 Braun Parkway, New Cheryl, VA 37200",2024-05-29,False
484,Steve Paul,angela65@brown.com,001-626-078-7010x41591,"8822 Love Garden, East Victorialand, ND 49409",2023-11-30,False
485,Jasmine Beltran,blackburnsusan@gmail.com,975-019-8038x2872,"58011 Villegas Ridge, Port Steven, CT 86607",2023-09-24,False
486,Jonathan Glass MD,amandalopez@sandoval.net,244.079.3110,"1053 Brown Port, East Bradley, CA 56886",2023-08-25,True
487,Monica Miller,mirandabarbara@hotmail.com,(918)133-1708,"74189 Hoffman Islands, Jeremyberg, OK 68907",2025-03-04,False
488,Samantha Gardner,kandrade@gmail.com,601.467.2384x979,"5294 Frye Trafficway, South Maryland, WY 94997",2024-03-26,False
489,Bobby Guerrero,diane89@yahoo.com,620-223-2883,"3481 Rachel Stream, North Jonathanton, MI 74095",2023-10-23,False
490,Lance Simmons,andrea55@yahoo.com,744.197.5466x1766,"21743 Kim Pine Apt. 526, South Michelleside, AZ 98193",2023-05-13,True
491,Heather Williams,charlene98@gmail.com,(047)196-0940,"834 Galvan Parkway, New Kevin, MD 30365",2023-12-28,False
492,Heather Bolton,michael77@yahoo.com,+1-970-527-7402x5883,"2805 Brown Via Suite 406, Shanemouth, CO 48240",2024-10-02,True
493,William Gould,birdcaitlin@taylor.com,(868)122-5957x244,"USNS Harris, FPO AE 96076",2023-08-02,True
494,Mark Cox,andrew48@hawkins.com,(176)792-9884x2599,"551 Trevor Squares, Jessicaville, IN 13572",2024-05-06,False
495,Meghan Cisneros,eric45@hotmail.com,(996)100-2311x775,"USS Ford, FPO AP 51343",2025-08-17,True
496,Lawrence Harrington,jonathanevans@ross.com,001-331-266-1094x10175,"54760 Gary Burg, Lovestad, IN 41805",2023-01-14,True
497,Austin Osborne,tracynolan@hotmail.com,+1-025-176-2983x347,"120 Elizabeth Falls Suite 595, North Ericchester, UT 07156",2024-05-05,False
498,James Bradley,benjamin96@deleon.com,433.268.3190x130,"3259 Alexander River, Antonioport, NM 13594",2025-01-19,True
499,Meghan Rush,hconrad@gmail.com,(056)981-5287,"79805 Schneider Fort, North Alecfurt, TX 82033",2023-10-18,False
500,Phillip Berry,hbrown@flores.com,397.855.9821,"039 Aaron Keys Apt. 036, New Cherylport, CA 71641",2023-10-01,True
